{
   "objectList":[
      {
         "index":14,
         "UNIQUEID":4,
         "m_eobstacleObjType":3,
		 "initTransform":{
			"pos":{
				"x":380.2207325308118,
				"y":1877.8527516373433,
				"z":-0.736999480985105
			},
			 "rot":{
				"pitch":0.000,
				"yaw":0.000,
				"roll":0.000
			 },
			 "scale":{
				"x":1.0,
				"y":1.0,
				"z":1.0
			 }
		 }         
      },
      {
         "index":15,
         "UNIQUEID":5,
         "m_eobstacleObjType":3,
		 "initTransform":{
			"pos":{
				"x":410.1740923965117,
				"y":1863.6990698466543,
				"z":-0.7859992701560259
			 },
			 "rot":{
				"pitch":0.000,
				"yaw":0.000,
				"roll":0.000
			 },
			 "scale":{
				"x":1.0,
				"y":1.0,
				"z":1.0
			 }
		 }
      }
   ]
}